1,Rosalyn
2,Daile
3,Janey
4,Jacqui
5,Michaela
6,Stewart
7,Hailee
8,Cordelie
9,Herculie
10,Thedrick
11,Dukie
12,Cassius
13,Becki
14,Judi
15,Margi
16,Brandea
17,Elizabeth
18,Dorette
19,Katinka
20,Laney
21,Benjamin
22,Dierdre
23,Ezechiel
24,Tally
25,Erika
26,Abbye
27,Shoshanna
28,Eunice
29,Freddy
30,Hallsy
31,Tabbi
32,Marlow
33,Judah
34,Romeo
35,Pennie
36,Noelle
37,Elke
38,Nick
39,Kipp
40,Cherida
41,Letizia
42,Homer
43,Birgitta
44,Claribel
45,Piotr
46,Bettine
47,Gwen
48,Astrid
49,Thomasina
50,Leanor
