1,Roseanne,Woodyear,1
2,Cordey,Eskrigge,2
3,Drona,Ardling,5
4,Timi,Reddick,3
5,Bev,Tonbridge,3
6,Shepherd,Foot,1
7,Christopher,Goodbourn,5
8,Ilise,Vial,2
9,Farlay,Aloigi,4
10,Jacques,Giffon,2
11,Concettina,Tween,4
12,Pearl,Kornyakov,3
13,Titos,Habbergham,5
14,Alden,Stookes,2
15,Wood,Bayfield,5
16,Nerta,Novic,1
17,Fred,Haitlie,3
18,Rollin,Guiu,3
19,Iggy,Eadon,1
20,Ezechiel,Antonik,3
21,Craggy,Kemshell,5
22,Mendel,Melia,4
23,Ernst,Perrigo,1
24,Ferdinanda,Rigglesford,5
25,Elwin,Hallock,5
26,Henrietta,Rowling,3
27,Corey,Sambals,5
28,Olia,Agge,5
29,Tan,Greaterex,4
30,Kissie,Rebanks,4
31,Flory,Brunel,5
32,Johan,Drinkeld,4
33,Tory,Borge,2
34,Lonni,Skillitt,4
35,Tabina,McFeat,2
36,Reece,Taberner,2
37,Heddie,Pudsey,1
38,Rafaelita,MacFadin,5
39,Maurine,Twelves,1
40,Maitilde,Klesl,4
41,Reinaldo,Wartonby,1
42,Oralia,Lindeman,5
43,Celesta,Jekyll,2
44,Nestor,Farndon,2
45,Anet,Maeer,5
46,Bruis,Luckings,3
47,Dodie,Paireman,2
48,Judy,Anderer,1
49,Alis,Abbotts,4
50,Kellsie,Cady,4
